{"cameraMode":{"drawMode":0,"name":"Shaded","section":"Shading Mode"},"sceneLighting":true,"audioPlay":false,"sceneViewState":{"showFog":true,"showMaterialUpdate":false,"showSkybox":true,"showFlares":true,"showImageEffects":true,"showParticleSystems":true},"in2DMode":false,"pivot":{"x":1.651759386062622,"y":6.369283199310303,"z":-13.02852725982666},"rotation":{"x":0.15571923553943635,"y":-0.08198285847902298,"z":0.012983015738427639,"w":0.9843142032623291},"size":-1.6203174591064454,"orthographic":false}