{"cameraMode":{"drawMode":0,"name":"Shaded","section":"Shading Mode"},"sceneLighting":true,"audioPlay":false,"sceneViewState":{"showFog":true,"showMaterialUpdate":false,"showSkybox":true,"showFlares":true,"showImageEffects":true,"showParticleSystems":true},"in2DMode":false,"pivot":{"x":-16.162376403808595,"y":22.84316635131836,"z":33.01305389404297},"rotation":{"x":0.15364478528499604,"y":0.08320336043834686,"z":-0.012984603643417359,"w":0.984532356262207},"size":71.08089447021485,"orthographic":false}