{"cameraMode":{"drawMode":0,"name":"Shaded","section":"Shading Mode"},"sceneLighting":false,"audioPlay":false,"sceneViewState":{"showFog":true,"showMaterialUpdate":false,"showSkybox":false,"showFlares":true,"showImageEffects":true,"showParticleSystems":true},"in2DMode":false,"pivot":{"x":4.2499847412109379,"y":7.991289138793945,"z":-6.363752365112305},"rotation":{"x":0.09007973223924637,"y":0.8862904906272888,"z":-0.410566121339798,"w":0.19446051120758058},"size":13.428072929382325,"orthographic":false}